Category,Total_Sales,Total_Profit,Avg_Profit_Margin
Furniture,741999.7953,18451.2728,0.038783533
Office Supplies,719047.032,122490.8008,0.138030295
Technology,836154.033,145454.9481,0.156138053
