Category,Total_Sales
Technology,836154.0329999966
Furniture,741999.7952999998
Office Supplies,719047.0320000029
