Region,Total_Sales
West,725457.8245000006
East,678781.2399999979
Central,501239.8908000005
South,391721.9050000003
